{"cameraMode":{"drawMode":0,"name":"Shaded","section":"Shading Mode"},"sceneLighting":false,"audioPlay":false,"sceneViewState":{"m_AlwaysRefresh":false,"showFog":true,"showSkybox":false,"showFlares":true,"showImageEffects":true,"showParticleSystems":true,"showVisualEffectGraphs":true,"m_FxEnabled":true},"in2DMode":false,"pivot":{"x":-1.056215763092041,"y":2.928737163543701,"z":-2.668790102005005},"rotation":{"x":0.10227415710687638,"y":0.03162407875061035,"z":-0.0032521625980734827,"w":0.9942489266395569},"size":1.8813855648040772,"orthographic":false}